Iterations,Algorithm,Train Accuracy,Test Accuracy,F1 Score
1,genetic_alg,0.6424581005586593,0.658008658008658,0.07058823529411765
101,genetic_alg,0.7728119180633147,0.7316017316017316,0.5921052631578947
201,genetic_alg,0.7914338919925512,0.7359307359307359,0.5793103448275863
301,genetic_alg,0.7895716945996276,0.7359307359307359,0.5734265734265734
401,genetic_alg,0.7970204841713222,0.7272727272727273,0.5655172413793104
501,genetic_alg,0.7914338919925512,0.7489177489177489,0.591549295774648
